{"metadata":{"asset_id":"bd025e3d-7ec0-49a4-9e46-dca3b6824287","asset_attributes":["data_asset"],"name":"dataset_desafio_2.csv","asset_type":"data_asset","created_at":"2020-08-20T17:33:49Z","description":"","origin_country":"us","owner_id":"IBMid-550008FN3V","project_id":"fd727f84-4261-458d-a7ec-a65eaa25f331","size":1520235,"tags":[],"usage":{"last_update_time":1597944830469,"last_updated_at":"2020-08-20T17:33:50Z"}},"entity":{"data_asset":{"mime_type":"text/csv","dataset":false}},"attachments":[{"id":"c1edc55c-d6a4-4b50-bb7e-4a3037275694","version":2,"asset_type":"data_asset","name":"dataset_desafio_2.csv","mime":"text/csv","datasource_type":"193a97c1-4475-4a19-b90c-295c4fdc6517","object_key":"dataset_desafio_2.csv","creator_id":"iam-ServiceId-f49c5558-c247-4983-a04f-7d3c7a3d55da","create_time":1597944830382,"size":1520235,"is_remote":false,"is_managed":false,"is_referenced":true,"is_object_key_read_only":false,"is_user_provided_path_key":true,"transfer_complete":true,"is_partitioned":false,"complete_time_ticks":1597944830382,"user_data":{},"test_doc":0,"handle":{"bucket":"desafiouninassau-donotdelete-pr-umfcs7ftemo3nd","location":"eu-geo","key":"dataset_desafio_2.csv","upload_id":"done","max_part_num":1},"usage":{"access_count":0,"last_accessor_id":"iam-ServiceId-f49c5558-c247-4983-a04f-7d3c7a3d55da","last_access_time":1597944830382}}]}
