{"metadata":{"asset_id":"b227d86c-bca9-46b7-8ff6-e959cac6fed2","asset_attributes":["notebook"],"name":"parte-1","asset_type":"notebook","created_at":"2020-08-20T17:33:50Z","description":"","origin_country":"us","owner_id":"IBMid-550008FN3V","project_id":"fd727f84-4261-458d-a7ec-a65eaa25f331","size":24680,"tags":["notebook"],"usage":{"last_update_time":1597961048545,"last_updated_at":"2020-08-20T22:04:08Z"}},"entity":{"notebook":{"kernel":{"name":"python3","display_name":"Python 3.6","language":"python"},"originates_from":{"type":"file"},"runtime":{"environment":"conda2py36-fd727f84-4261-458d-a7ec-a65eaa25f331"}}},"attachments":[{"id":"5ff56d8b-3014-4552-835d-2f055b63e5ca","version":2,"asset_type":"notebook","name":"attachment for notebook b227d86c-bca9-46b7-8ff6-e959cac6fed2","description":"attachment for notebook b227d86c-bca9-46b7-8ff6-e959cac6fed2","mime":"application/json","datasource_type":"193a97c1-4475-4a19-b90c-295c4fdc6517","object_key":"notebook/parte-1_XTm42MgVg.ipynb","creator_id":"iam-ServiceId-9e68bc5f-c5f6-4f6f-8bcf-e57f47b9d1b1","create_time":1597944831413,"size":24680,"is_remote":false,"is_managed":false,"is_referenced":true,"is_object_key_read_only":false,"is_user_provided_path_key":true,"transfer_complete":true,"is_partitioned":false,"complete_time_ticks":1597944831413,"user_data":{},"test_doc":0,"handle":{"bucket":"desafiouninassau-donotdelete-pr-umfcs7ftemo3nd","location":"eu-geo","key":"notebook/parte-1_XTm42MgVg.ipynb","upload_id":"done","max_part_num":1},"usage":{"access_count":0,"last_accessor_id":"iam-ServiceId-9e68bc5f-c5f6-4f6f-8bcf-e57f47b9d1b1","last_access_time":1597944831413}}]}
